[
  {
    "id": 1,
    "username": "Bret",
    "password": "Sincere@april.biz1",
    "email": "bret123@yoyo.com",
    "enrolled_courses": [
      {
        "description": "Master HTML, CSS, and JavaScript.",
        "duration": "8 weeks",
        "id": 1,
        "image": "images/course1.jpg",
        "instructor": "Dr. John Smith",
        "name": "Web Development",
        "enrollmentId": "1-1"
      }
    ]
  },
  {
    "id": 2,
    "username": "aditi25jain",
    "password": "@ditiJAIN2501",
    "email": null,
    "enrolled_courses": []
  }
]